date,product_code,product,variant,sold_quantity,gross_price,total_gross_price
8/1/2021,A7321160303,AQ Wi Power Dx3,Premium,158,42.85,6770.03
8/1/2021,A7321160302,AQ Wi Power Dx3,Plus,193,43.94,8481.31
8/1/2021,A7321160301,AQ Wi Power Dx3,Standard,459,40.8,18725.09
8/1/2021,A7220160203,AQ Wi Power Dx2,Premium,586,37.48,21962.34
8/1/2021,A7220160202,AQ Wi Power Dx2,Plus,264,35.21,9294.2
8/1/2021,A7219160201,AQ Wi Power Dx2,Standard,531,32.96,17500.43
8/1/2021,A7119160103,AQ Wi Power Dx1,Premium,137,28.77,3941.98
8/1/2021,A7119160102,AQ Wi Power Dx1,Plus,454,29.93,13586.59
8/1/2021,A7118160101,AQ Wi Power Dx1,Standard,251,29.67,7447.47
8/1/2021,A6819160203,AQ Pen Drive DRC,Premium,436,5.1,2222.9
8/1/2021,A6818160202,AQ Pen Drive DRC,Plus,1538,3.85,5926.07
8/1/2021,A6818160201,AQ Pen Drive DRC,Standard,774,3,2321.23
8/1/2021,A6720160103,AQ Pen Drive 2 IN 1,Premium,433,4.44,1923
8/1/2021,A6620160501,AQ Clx3,Standard,339,22.85,7747.17
8/1/2021,A6520160403,AQ Clx2,Premium,940,21.28,20006.02
8/1/2021,A6520160402,AQ Clx2,Plus,110,20.17,2218.15
8/1/2021,A6519160401,AQ Clx2,Standard,778,20.29,15784.76
8/1/2021,A6419160303,AQ Clx1,Premium,772,19.33,14926
8/1/2021,A6419160302,AQ Clx1,Plus,926,19.67,18216.55
8/1/2021,A6419160301,AQ Clx1,Standard,572,17.8,10184.06
8/1/2021,A6319160203,AQ Neuer SSD,Premium,449,19.34,8685.14
8/1/2021,A6319160202,AQ Neuer SSD,Plus,574,18.57,10661.07
8/1/2021,A6319160201,AQ Neuer SSD,Standard,743,17.36,12897.74
8/1/2021,A6219160103,AQ Digit SSD,Premium,487,16.3,7938.25
8/1/2021,A6218160102,AQ Digit SSD,Plus,270,15.25,4116.99
8/1/2021,A6218160101,AQ Digit SSD,Standard,886,13.59,12044.37
8/1/2021,A6120110206,AQ HOME Allin1 Gen 2,Plus 3,3,810.6,2431.81
8/1/2021,A6120110205,AQ HOME Allin1 Gen 2,Plus 2,1,834.98,834.98
8/1/2021,A6119110204,AQ HOME Allin1 Gen 2,Plus 1,5,807.26,4036.32
8/1/2021,A6119110203,AQ HOME Allin1 Gen 2,Standard 3,3,769.56,2308.69
8/1/2021,A6119110202,AQ HOME Allin1 Gen 2,Standard 2,6,790.1,4740.62
8/1/2021,A6119110201,AQ HOME Allin1 Gen 2,Standard 1,5,824.09,4120.44
8/1/2021,A6019110108,AQ Home Allin1,Premium 2,1,796.66,796.66
8/1/2021,A6019110107,AQ Home Allin1,Premium 1,3,785.99,2357.98
8/1/2021,A6018110106,AQ Home Allin1,Plus 3,5,787.59,3937.94
8/1/2021,A6018110105,AQ Home Allin1,Plus 2,6,766.65,4599.88
8/1/2021,A6018110104,AQ Home Allin1,Plus 1,4,749.1,2996.39
8/1/2021,A6018110103,AQ Home Allin1,Standard 3,5,770.98,3854.89
8/1/2021,A6018110102,AQ Home Allin1,Standard 2,5,764.05,3820.27
8/1/2021,A6018110101,AQ Home Allin1,Standard 1,3,800.46,2401.37
8/1/2021,A5821110108,AQ BZ Allin1,Premium 2,13,746.74,9707.6
8/1/2021,A5820110107,AQ BZ Allin1,Premium 1,16,737.68,11802.84
8/1/2021,A5820110106,AQ BZ Allin1,Plus 3,21,692.52,14543.01
8/1/2021,A5820110105,AQ BZ Allin1,Plus 2,7,709.39,4965.75
8/1/2021,A5820110104,AQ BZ Allin1,Plus 1,19,690.5,13119.44
8/1/2021,A5820110103,AQ BZ Allin1,Standard 3,15,735.15,11027.2
8/1/2021,A5820110102,AQ BZ Allin1,Standard 2,14,697.55,9765.76
8/1/2021,A5820110101,AQ BZ Allin1,Standard 1,19,681.3,12944.74
8/1/2021,A5721110506,AQ Smash 2,Plus Black,16,720.55,11528.74
8/1/2021,A5721110505,AQ Smash 2,Plus Cool Blue,3,674.43,2023.28
8/1/2021,A5721110504,AQ Smash 2,Plus Firey Red,5,655.83,3279.17
8/1/2021,A5721110503,AQ Smash 2,Standard Black,4,678.3,2713.21
8/1/2021,A5721110502,AQ Smash 2,Standard Cool Blue,11,627.99,6907.93
8/1/2021,A5721110501,AQ Smash 2,Standard Firey Red,12,649.69,7796.31
8/1/2021,A5621110408,AQ Smash 1,Premium Misty Green,3,657.25,1971.76
8/1/2021,A5621110407,AQ Smash 1,Premium Black,10,655.78,6557.78
8/1/2021,A5621110406,AQ Smash 1,Plus Black,4,644.38,2577.51
8/1/2021,A5621110405,AQ Smash 1,Plus Cool Blue,17,601.82,10230.89
8/1/2021,A5621110404,AQ Smash 1,Plus Firey Red,8,639.96,5119.69
8/1/2021,A5621110403,AQ Smash 1,Standard Black,11,631.19,6943.04
8/1/2021,A5620110402,AQ Smash 1,Standard Cool Blue,6,593.83,3562.98
8/1/2021,A5620110401,AQ Smash 1,Standard Firey Red,11,642.07,7062.77
8/1/2021,A5520110308,AQ Gamer 3,Premium Misty Green,16,590.12,9441.85
8/1/2021,A5520110307,AQ Gamer 3,Premium Black,10,609.79,6097.93
8/1/2021,A5520110306,AQ Gamer 3,Plus Black,13,639.68,8315.86
8/1/2021,A5520110305,AQ Gamer 3,Plus Cool Blue,13,632.49,8222.35
8/1/2021,A5519110304,AQ Gamer 3,Plus Firey Red,6,597.77,3586.62
8/1/2021,A5519110303,AQ Gamer 3,Standard Black,11,604.27,6646.99
8/1/2021,A5519110302,AQ Gamer 3,Standard Cool Blue,10,605.86,6058.64
8/1/2021,A5519110301,AQ Gamer 3,Standard Firey Red,5,589.74,2948.71
8/1/2021,A5419110208,AQ Gamer 2,Premium Misty Green,10,608.41,6084.07
8/1/2021,A5419110207,AQ Gamer 2,Premium Black,8,599.23,4793.84
8/1/2021,A5419110206,AQ Gamer 2,Plus Black,4,601.64,2406.56
8/1/2021,A5419110205,AQ Gamer 2,Plus Cool Blue,12,570.76,6849.09
8/1/2021,A5419110204,AQ Gamer 2,Plus Firey Red,14,602.92,8440.88
8/1/2021,A5419110203,AQ Gamer 2,Standard Black,12,595.57,7146.85
8/1/2021,A5419110202,AQ Gamer 2,Standard Cool Blue,6,567.93,3407.56
8/1/2021,A5419110201,AQ Gamer 2,Standard Firey Red,4,585,2340
8/1/2021,A5318110108,AQ Gamer 1,Premium Misty Green,14,579.66,8115.25
8/1/2021,A5318110107,AQ Gamer 1,Premium Black,9,571.65,5144.84
8/1/2021,A5318110106,AQ Gamer 1,Plus Black,7,565.87,3961.12
8/1/2021,A5318110105,AQ Gamer 1,Plus Cool Blue,10,551.33,5513.3
8/1/2021,A5318110104,AQ Gamer 1,Plus Firey Red,12,586.38,7036.59
8/1/2021,A5318110103,AQ Gamer 1,Standard Black,10,584.97,5849.72
8/1/2021,A5220110408,AQ BZ Gen Z,Premium Misty Green,9,533.04,4797.36
8/1/2021,A5219110407,AQ BZ Gen Z,Premium Black,12,545.59,6547.12
8/1/2021,A5219110406,AQ BZ Gen Z,Plus Red,7,550.46,3853.22
8/1/2021,A5219110405,AQ BZ Gen Z,Plus Blue,21,521.26,10946.47
8/1/2021,A5219110403,AQ BZ Gen Z,Standard Red,25,525.8,13145.11
8/1/2021,A5219110402,AQ BZ Gen Z,Standard Blue,24,490.16,11763.8
8/1/2021,A5219110401,AQ BZ Gen Z,Standard Grey,13,506.96,6590.54
8/1/2021,A5119110308,AQ BZ Gen Y,Premium Misty Green,26,512.58,13327.11
8/1/2021,A5119110307,AQ BZ Gen Y,Premium Black,17,516.46,8779.79
8/1/2021,A5119110306,AQ BZ Gen Y,Plus Red,12,486.49,5837.83
8/1/2021,A5119110305,AQ BZ Gen Y,Plus Blue,23,483.38,11117.77
8/1/2021,A5119110303,AQ BZ Gen Y,Standard Red,15,474.32,7114.73
8/1/2021,A5119110302,AQ BZ Gen Y,Standard Blue,17,474.31,8063.32
8/1/2021,A5119110301,AQ BZ Gen Y,Standard Grey,18,479.04,8622.79
8/1/2021,A5019110208,AQ BZ Compact,Premium Misty Green,21,467.3,9813.4
8/1/2021,A5018110207,AQ BZ Compact,Premium Black,9,475.19,4276.71
8/1/2021,A5018110206,AQ BZ Compact,Plus Red,6,475.55,2853.33
8/1/2021,A5018110205,AQ BZ Compact,Plus Blue,11,486.18,5347.94
8/1/2021,A5018110204,AQ BZ Compact,Plus Grey,22,447.73,9850.14
8/1/2021,A5018110203,AQ BZ Compact,Standard Red,12,452.14,5425.7
8/1/2021,A5018110202,AQ BZ Compact,Standard Blue,19,462.56,8788.58
8/1/2021,A5018110201,AQ BZ Compact,Standard Grey,13,451.7,5872.16
8/1/2021,A4918110104,AQ BZ 101,Premium Misty Green,18,460.28,8285.05
8/1/2021,A4918110103,AQ BZ 101,Premium Black,5,428.15,2140.73
8/1/2021,A4918110102,AQ BZ 101,Standard Blue,21,451.49,9481.25
8/1/2021,A4918110101,AQ BZ 101,Standard Grey,7,419.19,2934.36
8/1/2021,A4721110705,AQ GEN Z,Plus Blue,23,377.41,8680.36
8/1/2021,A4721110704,AQ GEN Z,Plus Grey,13,380.22,4942.8
8/1/2021,A4721110703,AQ GEN Z,Standard Red,32,361.65,11572.79
8/1/2021,A4720110702,AQ GEN Z,Standard Blue,26,371.4,9656.47
8/1/2021,A4720110701,AQ GEN Z,Standard Grey,9,367.73,3309.6
8/1/2021,A4620110608,AQ Gen Y,Premium Misty Green,18,363.06,6535.13
8/1/2021,A4620110607,AQ Gen Y,Premium Black,32,347.8,11129.7
8/1/2021,A4620110606,AQ Gen Y,Plus Red,35,348.54,12198.81
8/1/2021,A4620110605,AQ Gen Y,Plus Blue,13,349.25,4540.28
8/1/2021,A4620110604,AQ Gen Y,Plus Grey,14,353.1,4943.37
8/1/2021,A4620110603,AQ Gen Y,Standard Red,31,366.05,11347.42
8/1/2021,A4620110602,AQ Gen Y,Standard Blue,23,346.69,7973.84
8/1/2021,A4620110601,AQ Gen Y,Standard Grey,37,347.25,12848.15
8/1/2021,A4520110508,AQ Gen X,Premium Misty Green,30,327.09,9812.79
8/1/2021,A4520110507,AQ Gen X,Premium Black,30,322.94,9688.28
8/1/2021,A4520110506,AQ Gen X,Plus Red,39,325.26,12684.99
8/1/2021,A4520110505,AQ Gen X,Plus Blue,28,325.22,9106.04
8/1/2021,A4520110504,AQ Gen X,Plus Grey,38,341.73,12985.9
8/1/2021,A4519110503,AQ Gen X,Standard Red,39,306.92,11969.84
8/1/2021,A4519110502,AQ Gen X,Standard Blue,37,300.34,11112.5
8/1/2021,A4519110501,AQ Gen X,Standard Grey,13,311.84,4053.91
8/1/2021,A4419110408,AQ Elite,Premium Misty Green,9,297.03,2673.25
8/1/2021,A4419110407,AQ Elite,Premium Black,9,287.49,2587.44
8/1/2021,A4419110406,AQ Elite,Plus Red,23,287.57,6614.03
8/1/2021,A4419110405,AQ Elite,Plus Blue,28,291.21,8153.8
8/1/2021,A4419110404,AQ Elite,Plus Grey,34,286.9,9754.51
8/1/2021,A4419110403,AQ Elite,Standard Red,39,288.05,11233.96
8/1/2021,A4419110402,AQ Elite,Standard Blue,36,281.95,10150.21
8/1/2021,A4419110401,AQ Elite,Standard Grey,25,271.35,6783.68
8/1/2021,A4319110306,AQ Velocity,Plus Red,19,275.82,5240.57
8/1/2021,A4319110305,AQ Velocity,Plus Blue,34,277.81,9445.47
8/1/2021,A4319110304,AQ Velocity,Plus Grey,36,267.06,9614.29
8/1/2021,A4319110303,AQ Velocity,Standard Red,28,261.23,7314.45
8/1/2021,A4319110302,AQ Velocity,Standard Blue,32,267.21,8550.69
8/1/2021,A4318110301,AQ Velocity,Standard Grey,32,264.7,8470.4
8/1/2021,A4218110208,AQ Digit,Premium Misty Green,16,243.04,3888.66
8/1/2021,A4218110207,AQ Digit,Premium Black,28,249.13,6975.65
8/1/2021,A4218110206,AQ Digit,Plus Red,22,237.02,5214.4
8/1/2021,A4218110205,AQ Digit,Plus Blue,8,240.14,1921.12
8/1/2021,A4218110204,AQ Digit,Plus Grey,28,232.1,6498.91
8/1/2021,A4218110203,AQ Digit,Standard Red,33,236.85,7816
8/1/2021,A4218110202,AQ Digit,Standard Blue,11,215.93,2375.28
8/1/2021,A4218110201,AQ Digit,Standard Grey,23,200.27,4606.28
8/1/2021,A4118110107,AQ Aspiron,Premium Black,28,195.77,5481.62
8/1/2021,A4118110106,AQ Aspiron,Plus Red,8,187.75,1502.03
8/1/2021,A4118110105,AQ Aspiron,Plus Blue,14,182.89,2560.5
8/1/2021,A4021150405,AQ Mx NB,Premium,44,31.7,1394.93
8/1/2021,A4021150404,AQ Mx NB,Plus 3,76,28.58,2172.08
8/1/2021,A4021150403,AQ Mx NB,Plus 2,34,29.94,1018.04
8/1/2021,A4020150402,AQ Mx NB,Plus 1 ,72,28.45,2048.4
8/1/2021,A4020150401,AQ Mx NB,Standard,62,26.93,1669.67
8/1/2021,A3920150305,AQ LION x3,Premium,53,27.45,1455.09
8/1/2021,A3920150304,AQ LION x3,Plus 3,71,25.04,1778.14
8/1/2021,A3920150303,AQ LION x3,Plus 2,22,25.47,560.27
8/1/2021,A3920150302,AQ LION x3,Plus 1 ,31,23.15,717.71
8/1/2021,A3920150301,AQ LION x3,Standard,29,22.15,642.22
8/1/2021,A3819150205,AQ LION x2,Premium,54,21.61,1166.76
8/1/2021,A3819150204,AQ LION x2,Plus 3,56,21.19,1186.88
8/1/2021,A3819150203,AQ LION x2,Plus 2,76,18.45,1402.45
8/1/2021,A3818150202,AQ LION x2,Plus 1 ,21,17.52,367.91
8/1/2021,A3818150201,AQ LION x2,Standard,71,17.26,1225.8
8/1/2021,A3718150105,AQ LION x1,Premium,68,18.03,1226.12
8/1/2021,A3718150103,AQ LION x1,Plus 2,38,17.57,667.65
8/1/2021,A3718150102,AQ LION x1,Plus 1 ,55,16.1,885.58
8/1/2021,A3718150101,AQ LION x1,Standard,53,16.51,875.17
8/1/2021,A3521150705,AQ Trigger,Premium 1,394,34.51,13597.49
8/1/2021,A3521150704,AQ Trigger,Plus 2,611,33.62,20544.63
8/1/2021,A3521150703,AQ Trigger,Plus 1,380,31.77,12071.27
8/1/2021,A3521150702,AQ Trigger,Standard 2,614,30.34,18629.62
8/1/2021,A3521150701,AQ Trigger,Standard 1,875,29.39,25713.8
8/1/2021,A3421150606,AQ Qwerty,Premium 2,517,29.67,15339.86
8/1/2021,A3421150605,AQ Qwerty,Premium 1,491,29.87,14665.78
8/1/2021,A3421150604,AQ Qwerty,Plus 2,546,27.42,14968.7
8/1/2021,A3421150603,AQ Qwerty,Plus 1,620,26.95,16709.43
8/1/2021,A3420150602,AQ Qwerty,Standard 2,583,23.97,13976.03
8/1/2021,A3420150601,AQ Qwerty,Standard 1,414,24.57,10171.57
8/1/2021,A3320150506,AQ Maxima,Premium 2,100,23.77,2376.78
8/1/2021,A3320150505,AQ Maxima,Premium 1,139,23.08,3208.73
8/1/2021,A3320150504,AQ Maxima,Plus 2,509,22.13,11266.26
8/1/2021,A3320150503,AQ Maxima,Plus 1,389,20.87,8119.71
8/1/2021,A3320150502,AQ Maxima,Standard 2,102,21.7,2213.28
8/1/2021,A3320150501,AQ Maxima,Standard 1,845,20.39,17230.23
8/1/2021,A3220150406,AQ Lite,Premium 2,456,20.01,9123.01
8/1/2021,A3220150405,AQ Lite,Premium 1,840,18.94,15910.86
8/1/2021,A3220150404,AQ Lite,Plus 2,146,18.42,2689.6
8/1/2021,A3220150403,AQ Lite,Plus 1,500,18.58,9292.2
8/1/2021,A3220150402,AQ Lite,Standard 2,803,18.79,15092.14
8/1/2021,A3220150401,AQ Lite,Standard 1,475,18.49,8784.79
8/1/2021,A3120150306,AQ Gamers ,Premium 2,486,19.3,9379.95
8/1/2021,A3120150305,AQ Gamers ,Premium 1,118,16.32,1925.97
8/1/2021,A3120150304,AQ Gamers ,Plus 2,736,16.38,12055.09
8/1/2021,A3119150303,AQ Gamers ,Plus 1,688,16.24,11173.6
8/1/2021,A3119150302,AQ Gamers ,Standard 2,389,15.31,5954.46
8/1/2021,A3119150301,AQ Gamers ,Standard 1,287,13.51,3876.25
8/1/2021,A3019150206,AQ Master wireless x1,Premium 2,720,13,9361.3
8/1/2021,A3019150205,AQ Master wireless x1,Premium 1,319,12.05,3844.24
8/1/2021,A3019150204,AQ Master wireless x1,Plus 2,741,11.6,8596.42
8/1/2021,A3018150203,AQ Master wireless x1,Plus 1,312,12.37,3860.66
8/1/2021,A3018150202,AQ Master wireless x1,Standard 2,385,11.05,4255.17
8/1/2021,A3018150201,AQ Master wireless x1,Standard 1,836,10.8,9025.04
8/1/2021,A2918150106,AQ Master wired x1,Premium 2,692,10.42,7209.81
8/1/2021,A2918150105,AQ Master wired x1,Premium 1,801,9.47,7581.47
8/1/2021,A2918150104,AQ Master wired x1,Plus 2,620,8.95,5549.87
8/1/2021,A2918150103,AQ Master wired x1,Plus 1,825,7.77,6409.67
8/1/2021,A2918150102,AQ Master wired x1,Standard 2,206,7.6,1565.17
8/1/2021,A2918150101,AQ Master wired x1,Standard 1,561,6.9,3870.4
8/1/2021,A2821150801,AQ Lumina Ms,Standard 1,214,21.71,4646.33
8/1/2021,A2721150706,AQ Trigger Ms,Premium 2,915,20.05,18349.14
8/1/2021,A2721150705,AQ Trigger Ms,Premium 1,146,19.4,2833.01
8/1/2021,A2721150704,AQ Trigger Ms,Plus 2,235,19.59,4602.71
8/1/2021,A2721150703,AQ Trigger Ms,Plus 1,125,16.94,2116.91
8/1/2021,A2721150702,AQ Trigger Ms,Standard 2,795,17.24,13703.26
8/1/2021,A2720150701,AQ Trigger Ms,Standard 1,817,17.09,13963.92
8/1/2021,A2620150606,AQ Qwerty Ms,Premium 2,992,16.79,16650.72
8/1/2021,A2620150605,AQ Qwerty Ms,Premium 1,603,16.59,10002.68
8/1/2021,A2620150604,AQ Qwerty Ms,Plus 2,772,16.55,12775.91
8/1/2021,A2620150603,AQ Qwerty Ms,Plus 1,755,15.98,12064.3
8/1/2021,A2620150602,AQ Qwerty Ms,Standard 2,139,15.81,2197.62
8/1/2021,A2620150601,AQ Qwerty Ms,Standard 1,458,14.9,6824.8
8/1/2021,A2520150506,AQ Maxima Ms,Premium 2,599,14.57,8726.05
8/1/2021,A2520150505,AQ Maxima Ms,Premium 1,639,15.18,9697.59
8/1/2021,A2520150504,AQ Maxima Ms,Plus 2,337,14.28,4812.36
8/1/2021,A2520150503,AQ Maxima Ms,Plus 1,1015,14.17,14380.72
8/1/2021,A2520150502,AQ Maxima Ms,Standard 2,441,14.53,6406.27
8/1/2021,A2520150501,AQ Maxima Ms,Standard 1,456,12.07,5503.42
8/1/2021,A2420150406,AQ Lite Ms,Premium 2,643,12.3,7907.55
8/1/2021,A2419150405,AQ Lite Ms,Premium 1,341,12.74,4345.12
8/1/2021,A2419150404,AQ Lite Ms,Plus 2,279,11.63,3245.66
8/1/2021,A2419150403,AQ Lite Ms,Plus 1,584,10.89,6361.22
8/1/2021,A2419150402,AQ Lite Ms,Standard 2,196,11.28,2211.25
8/1/2021,A2419150401,AQ Lite Ms,Standard 1,526,11.48,6040.01
8/1/2021,A2319150306,AQ Gamers Ms,Premium 2,293,10.87,3183.71
8/1/2021,A2319150305,AQ Gamers Ms,Premium 1,809,10.44,8443.53
8/1/2021,A2319150304,AQ Gamers Ms,Plus 2,828,10.46,8658.64
8/1/2021,A2319150303,AQ Gamers Ms,Plus 1,584,9.4,5488.26
8/1/2021,A2319150302,AQ Gamers Ms,Standard 2,705,8.99,6338.02
8/1/2021,A2319150301,AQ Gamers Ms,Standard 1,318,8.8,2799.8
8/1/2021,A2219150206,AQ Master wireless x1 Ms,Premium 2,401,8.32,3336.04
8/1/2021,A2219150205,AQ Master wireless x1 Ms,Premium 1,202,7.98,1612.22
8/1/2021,A2219150204,AQ Master wireless x1 Ms,Plus 2,853,7.35,6271.77
8/1/2021,A2219150203,AQ Master wireless x1 Ms,Plus 1,963,6.73,6481.09
8/1/2021,A2218150202,AQ Master wireless x1 Ms,Standard 2,349,6.41,2235.48
8/1/2021,A2218150201,AQ Master wireless x1 Ms,Standard 1,495,5.44,2691.96
8/1/2021,A2118150106,AQ Master wired x1 Ms,Premium 2,820,5.25,4308.44
8/1/2021,A2118150105,AQ Master wired x1 Ms,Premium 1,659,4.69,3090.97
8/1/2021,A2118150104,AQ Master wired x1 Ms,Plus 2,815,5.05,4112.41
8/1/2021,A2118150103,AQ Master wired x1 Ms,Plus 1,795,4.53,3600.95
8/1/2021,A2118150102,AQ Master wired x1 Ms,Standard 2,287,4,1147.94
8/1/2021,A2118150101,AQ Master wired x1 Ms,Standard 1,216,2.94,635.77
8/1/2021,A2021150503,AQ MB Lito 2,Plus 2,35,45.44,1590.32
8/1/2021,A2020150502,AQ MB Lito 2,Plus 1,41,39.39,1615.12
8/1/2021,A2020150501,AQ MB Lito 2,Standard,102,41.37,4219.7
8/1/2021,A1920150404,AQ MB Lito,Premium,100,38.98,3897.8
8/1/2021,A1919150403,AQ MB Lito,Plus 2,38,35.84,1361.73
8/1/2021,A1919150402,AQ MB Lito,Plus 1,117,35.03,4098
8/1/2021,A1919150401,AQ MB Lito,Standard,62,33.76,2093.18
8/1/2021,A1819150304,AQ MB Crossx 2,Premium,41,32.26,1322.71
8/1/2021,A1819150303,AQ MB Crossx 2,Plus 2,75,32.19,2414.43
8/1/2021,A1819150302,AQ MB Crossx 2,Plus 1,122,31.95,3898.21
8/1/2021,A1819150301,AQ MB Crossx 2,Standard,115,28.86,3319.07
8/1/2021,A1718150204,AQ MB Crossx,Premium,64,28.4,1817.54
8/1/2021,A1718150203,AQ MB Crossx,Plus 2,106,27.34,2898.52
8/1/2021,A1718150202,AQ MB Crossx,Plus 1,81,22.9,1854.55
8/1/2021,A1718150201,AQ MB Crossx,Standard,131,21.89,2867.31
8/1/2021,A1618150104,AQ MB Elite,Premium,50,21.45,1072.45
8/1/2021,A1618150103,AQ MB Elite,Plus 2,129,21.2,2735.02
8/1/2021,A1618150102,AQ MB Elite,Plus 1,41,20.46,838.98
8/1/2021,A1618150101,AQ MB Elite,Standard,33,19.65,648.4
8/1/2021,A1521150602,AQ Electron 3 3600 Desktop Processor,Plus,69,185.46,12796.73
8/1/2021,A1521150601,AQ Electron 3 3600 Desktop Processor,Standard,168,186.29,31297.01
8/1/2021,A1421150503,AQ Electron 4 3600 Desktop Processor,Premium,180,176.44,31759
8/1/2021,A1420150502,AQ Electron 4 3600 Desktop Processor,Plus,139,169.5,23560.49
8/1/2021,A1420150501,AQ Electron 4 3600 Desktop Processor,Standard,84,160.51,13482.69
8/1/2021,A1320150403,AQ Electron 5 3600 Desktop Processor,Premium,109,160.69,17515.34
8/1/2021,A1320150402,AQ Electron 5 3600 Desktop Processor,Plus,193,150.25,28997.29
8/1/2021,A1319150401,AQ Electron 5 3600 Desktop Processor,Standard,112,149.1,16699.58
8/1/2021,A1219150303,AQ 5000 Series Ultron 8 5900X Desktop Processor,Premium,35,142.94,5002.91
8/1/2021,A1219150302,AQ 5000 Series Ultron 8 5900X Desktop Processor,Plus,82,145.15,11902.09
8/1/2021,A1219150301,AQ 5000 Series Ultron 8 5900X Desktop Processor,Standard,194,135.68,26322.35
8/1/2021,A1119150203,AQ 5000 Series Electron 8 5900X Desktop Processor,Premium,154,139.9,21544.01
8/1/2021,A1118150202,AQ 5000 Series Electron 8 5900X Desktop Processor,Plus,177,129.58,22936.3
8/1/2021,A1118150201,AQ 5000 Series Electron 8 5900X Desktop Processor,Standard,127,124.26,15781.53
8/1/2021,A1018150103,AQ 5000 Series Electron 9 5900X Desktop Processor,Premium,51,123.93,6320.51
8/1/2021,A1018150102,AQ 5000 Series Electron 9 5900X Desktop Processor,Plus,173,123.48,21361.99
8/1/2021,A1018150101,AQ 5000 Series Electron 9 5900X Desktop Processor,Standard,77,111.1,8554.98
8/1/2021,A0921150601,AQ Marquee P4,Standard,125,45.08,5635.16
8/1/2021,A0821150504,AQ Marquee P3,Premium,184,44.7,8225.61
8/1/2021,A0821150503,AQ Marquee P3,Plus 2,176,42.38,7459.6
8/1/2021,A0821150502,AQ Marquee P3,Plus 1,124,43.3,5368.78
8/1/2021,A0821150501,AQ Marquee P3,Standard,138,40.5,5589.18
8/1/2021,A0721150404,AQ GT 21,Premium,160,39.12,6259.44
8/1/2021,A0721150403,AQ GT 21,Plus 2,126,39.3,4951.67
8/1/2021,A0721150402,AQ GT 21,Plus 1,148,39.15,5793.68
8/1/2021,A0721150401,AQ GT 21,Standard,129,39.34,5074.56
8/1/2021,A0621150308,AQ Mforce Gen Z,Premium 2,140,39.4,5515.86
8/1/2021,A0621150307,AQ Mforce Gen Z,Premium 1,120,36.24,4349.21
8/1/2021,A0620150306,AQ Mforce Gen Z,Plus 3,122,37.53,4578.39
8/1/2021,A0620150305,AQ Mforce Gen Z,Plus 2,28,36.57,1023.9
8/1/2021,A0620150304,AQ Mforce Gen Z,Plus 1,76,37.58,2856.28
8/1/2021,A0620150303,AQ Mforce Gen Z,Standard 3,94,34.24,3218.67
8/1/2021,A0619150302,AQ Mforce Gen Z,Standard 2,198,34.1,6751.27
8/1/2021,A0619150301,AQ Mforce Gen Z,Standard 1,52,30.47,1584.42
8/1/2021,A0519150208,AQ Mforce Gen Y,Premium 2,64,30.58,1957.22
8/1/2021,A0519150207,AQ Mforce Gen Y,Premium 1,105,32.44,3406.48
8/1/2021,A0519150206,AQ Mforce Gen Y,Plus 3,196,31.24,6123.8
8/1/2021,A0519150205,AQ Mforce Gen Y,Plus 2,82,29.7,2435.47
8/1/2021,A0519150204,AQ Mforce Gen Y,Plus 1,135,26.11,3524.59
8/1/2021,A0519150203,AQ Mforce Gen Y,Standard 3,93,26.59,2472.6
8/1/2021,A0519150202,AQ Mforce Gen Y,Standard 2,167,24.93,4163.28
8/1/2021,A0519150201,AQ Mforce Gen Y,Standard 1,187,22.4,4188.5
8/1/2021,A0418150106,AQ Mforce Gen X,Plus 3,65,19.94,1295.87
8/1/2021,A0418150105,AQ Mforce Gen X,Plus 2,163,20.08,3272.49
8/1/2021,A0418150104,AQ Mforce Gen X,Plus 1,166,19.92,3307.37
8/1/2021,A0418150103,AQ Mforce Gen X,Standard 3,140,19.52,2733.29
8/1/2021,A0321150303,AQ Zion Saga,Premium,151,28.01,4228.89
8/1/2021,A0321150302,AQ Zion Saga,Plus,75,27.1,2032.7
8/1/2021,A0320150301,AQ Zion Saga,Standard,243,23.72,5764.52
8/1/2021,A0220150203,AQ WereWolf NAS Internal Hard Drive HDD – 8.89 cm,Premium,54,23.62,1275.23
8/1/2021,A0219150202,AQ WereWolf NAS Internal Hard Drive HDD – 8.89 cm,Plus,117,24.73,2893.55
8/1/2021,A0219150201,AQ WereWolf NAS Internal Hard Drive HDD – 8.89 cm,Standard,95,23.7,2251.38
8/1/2021,A0118150104,AQ Dracula HDD – 3.5 Inch SATA 6 Gb/s 5400 RPM 256 MB Cache,Premium Plus,29,22.97,666.21
8/1/2021,A0118150103,AQ Dracula HDD – 3.5 Inch SATA 6 Gb/s 5400 RPM 256 MB Cache,Premium,50,21.78,1088.98
8/1/2021,A0118150102,AQ Dracula HDD – 3.5 Inch SATA 6 Gb/s 5400 RPM 256 MB Cache,Plus,196,21.46,4205.47
8/1/2021,A0118150101,AQ Dracula HDD – 3.5 Inch SATA 6 Gb/s 5400 RPM 256 MB Cache,Standard,88,19.06,1677.04
6/1/2021,A7321160303,AQ Wi Power Dx3,Premium,289,42.85,12383.16
6/1/2021,A7321160302,AQ Wi Power Dx3,Plus,624,43.94,27421.43
6/1/2021,A7321160301,AQ Wi Power Dx3,Standard,174,40.8,7098.4
6/1/2021,A7220160203,AQ Wi Power Dx2,Premium,305,37.48,11430.91
6/1/2021,A7220160202,AQ Wi Power Dx2,Plus,541,35.21,19046.07
6/1/2021,A7219160201,AQ Wi Power Dx2,Standard,478,32.96,15753.69
6/1/2021,A7119160103,AQ Wi Power Dx1,Premium,444,28.77,12775.48
6/1/2021,A7119160102,AQ Wi Power Dx1,Plus,348,29.93,10414.39
6/1/2021,A7118160101,AQ Wi Power Dx1,Standard,533,29.67,15814.75
6/1/2021,A6819160203,AQ Pen Drive DRC,Premium,1186,5.1,6046.7
6/1/2021,A6818160202,AQ Pen Drive DRC,Plus,1295,3.85,4989.76
6/1/2021,A6818160201,AQ Pen Drive DRC,Standard,1232,3,3694.77
6/1/2021,A6720160103,AQ Pen Drive 2 IN 1,Premium,1123,4.44,4987.36
6/1/2021,A6620160501,AQ Clx3,Standard,763,22.85,17436.84
6/1/2021,A6520160403,AQ Clx2,Premium,410,21.28,8726.03
6/1/2021,A6520160402,AQ Clx2,Plus,352,20.17,7098.08
6/1/2021,A6519160401,AQ Clx2,Standard,957,20.29,19416.48
6/1/2021,A6419160303,AQ Clx1,Premium,620,19.33,11987.2
6/1/2021,A6419160302,AQ Clx1,Plus,959,19.67,18865.74
6/1/2021,A6419160301,AQ Clx1,Standard,865,17.8,15400.72
6/1/2021,A6319160203,AQ Neuer SSD,Premium,826,19.34,15977.57
6/1/2021,A6319160202,AQ Neuer SSD,Plus,697,18.57,12945.59
6/1/2021,A6319160201,AQ Neuer SSD,Standard,666,17.36,11561.09
6/1/2021,A6219160103,AQ Digit SSD,Premium,168,16.3,2738.45
6/1/2021,A6218160102,AQ Digit SSD,Plus,364,15.25,5550.31
6/1/2021,A6218160101,AQ Digit SSD,Standard,1011,13.59,13743.64
6/1/2021,A6120110206,AQ HOME Allin1 Gen 2,Plus 3,5,810.6,4053.02
6/1/2021,A6120110205,AQ HOME Allin1 Gen 2,Plus 2,1,834.98,834.98
6/1/2021,A6119110204,AQ HOME Allin1 Gen 2,Plus 1,6,807.26,4843.58
6/1/2021,A6119110203,AQ HOME Allin1 Gen 2,Standard 3,3,769.56,2308.69
6/1/2021,A6119110202,AQ HOME Allin1 Gen 2,Standard 2,5,790.1,3950.52
6/1/2021,A6119110201,AQ HOME Allin1 Gen 2,Standard 1,1,824.09,824.09
6/1/2021,A6019110108,AQ Home Allin1,Premium 2,2,796.66,1593.32
6/1/2021,A6019110107,AQ Home Allin1,Premium 1,2,785.99,1571.98
6/1/2021,A6018110106,AQ Home Allin1,Plus 3,2,787.59,1575.17
6/1/2021,A6018110105,AQ Home Allin1,Plus 2,1,766.65,766.65
6/1/2021,A6018110104,AQ Home Allin1,Plus 1,3,749.1,2247.3
6/1/2021,A6018110103,AQ Home Allin1,Standard 3,4,770.98,3083.92
6/1/2021,A6018110102,AQ Home Allin1,Standard 2,4,764.05,3056.22
6/1/2021,A6018110101,AQ Home Allin1,Standard 1,4,800.46,3201.83
6/1/2021,A5821110108,AQ BZ Allin1,Premium 2,11,746.74,8214.13
6/1/2021,A5820110107,AQ BZ Allin1,Premium 1,10,737.68,7376.78
6/1/2021,A5820110106,AQ BZ Allin1,Plus 3,25,692.52,17313.11
6/1/2021,A5820110105,AQ BZ Allin1,Plus 2,10,709.39,7093.93
6/1/2021,A5820110104,AQ BZ Allin1,Plus 1,6,690.5,4142.98
6/1/2021,A5820110103,AQ BZ Allin1,Standard 3,21,735.15,15438.08
6/1/2021,A5820110102,AQ BZ Allin1,Standard 2,14,697.55,9765.76
6/1/2021,A5820110101,AQ BZ Allin1,Standard 1,12,681.3,8175.63
6/1/2021,A5721110506,AQ Smash 2,Plus Black,9,720.55,6484.91
6/1/2021,A5721110505,AQ Smash 2,Plus Cool Blue,7,674.43,4720.99
6/1/2021,A5721110504,AQ Smash 2,Plus Firey Red,5,655.83,3279.17
6/1/2021,A5721110503,AQ Smash 2,Standard Black,5,678.3,3391.52
6/1/2021,A5721110502,AQ Smash 2,Standard Cool Blue,6,627.99,3767.96
6/1/2021,A5721110501,AQ Smash 2,Standard Firey Red,11,649.69,7146.62
6/1/2021,A5621110408,AQ Smash 1,Premium Misty Green,16,657.25,10516.04
6/1/2021,A5621110407,AQ Smash 1,Premium Black,10,655.78,6557.78
6/1/2021,A5621110406,AQ Smash 1,Plus Black,17,644.38,10954.42
6/1/2021,A5621110405,AQ Smash 1,Plus Cool Blue,14,601.82,8425.44
6/1/2021,A5621110404,AQ Smash 1,Plus Firey Red,3,639.96,1919.88
6/1/2021,A5621110403,AQ Smash 1,Standard Black,17,631.19,10730.15
6/1/2021,A5620110402,AQ Smash 1,Standard Cool Blue,8,593.83,4750.64
6/1/2021,A5620110401,AQ Smash 1,Standard Firey Red,11,642.07,7062.77
6/1/2021,A5520110308,AQ Gamer 3,Premium Misty Green,15,590.12,8851.74
6/1/2021,A5520110307,AQ Gamer 3,Premium Black,7,609.79,4268.55
6/1/2021,A5520110306,AQ Gamer 3,Plus Black,5,639.68,3198.41
6/1/2021,A5520110305,AQ Gamer 3,Plus Cool Blue,12,632.49,7589.86
6/1/2021,A5519110304,AQ Gamer 3,Plus Firey Red,15,597.77,8966.56
6/1/2021,A5519110303,AQ Gamer 3,Standard Black,3,604.27,1812.82
6/1/2021,A5519110302,AQ Gamer 3,Standard Cool Blue,12,605.86,7270.37
6/1/2021,A5519110301,AQ Gamer 3,Standard Firey Red,15,589.74,8846.12
6/1/2021,A5419110208,AQ Gamer 2,Premium Misty Green,6,608.41,3650.44
6/1/2021,A5419110207,AQ Gamer 2,Premium Black,6,599.23,3595.38
6/1/2021,A5419110206,AQ Gamer 2,Plus Black,7,601.64,4211.48
6/1/2021,A5419110205,AQ Gamer 2,Plus Cool Blue,13,570.76,7419.85
6/1/2021,A5419110204,AQ Gamer 2,Plus Firey Red,15,602.92,9043.8
6/1/2021,A5419110203,AQ Gamer 2,Standard Black,16,595.57,9529.14
6/1/2021,A5419110202,AQ Gamer 2,Standard Cool Blue,10,567.93,5679.27
6/1/2021,A5419110201,AQ Gamer 2,Standard Firey Red,10,585,5850
6/1/2021,A5318110108,AQ Gamer 1,Premium Misty Green,8,579.66,4637.29
6/1/2021,A5318110107,AQ Gamer 1,Premium Black,12,571.65,6859.79
6/1/2021,A5318110106,AQ Gamer 1,Plus Black,10,565.87,5658.75
6/1/2021,A5318110105,AQ Gamer 1,Plus Cool Blue,8,551.33,4410.64
6/1/2021,A5318110104,AQ Gamer 1,Plus Firey Red,7,586.38,4104.68
6/1/2021,A5318110103,AQ Gamer 1,Standard Black,15,584.97,8774.58
6/1/2021,A5220110408,AQ BZ Gen Z,Premium Misty Green,22,533.04,11726.87
6/1/2021,A5219110407,AQ BZ Gen Z,Premium Black,12,545.59,6547.12
6/1/2021,A5219110406,AQ BZ Gen Z,Plus Red,13,550.46,7155.98
6/1/2021,A5219110405,AQ BZ Gen Z,Plus Blue,14,521.26,7297.64
6/1/2021,A5219110403,AQ BZ Gen Z,Standard Red,10,525.8,5258.04
6/1/2021,A5219110402,AQ BZ Gen Z,Standard Blue,16,490.16,7842.53
6/1/2021,A5219110401,AQ BZ Gen Z,Standard Grey,21,506.96,10646.25
6/1/2021,A5119110308,AQ BZ Gen Y,Premium Misty Green,29,512.58,14864.85
6/1/2021,A5119110307,AQ BZ Gen Y,Premium Black,5,516.46,2582.29
6/1/2021,A5119110306,AQ BZ Gen Y,Plus Red,17,486.49,8270.26
6/1/2021,A5119110305,AQ BZ Gen Y,Plus Blue,28,483.38,13534.68
6/1/2021,A5119110303,AQ BZ Gen Y,Standard Red,24,474.32,11383.57
6/1/2021,A5119110302,AQ BZ Gen Y,Standard Blue,10,474.31,4743.13
6/1/2021,A5119110301,AQ BZ Gen Y,Standard Grey,7,479.04,3353.31
6/1/2021,A5019110208,AQ BZ Compact,Premium Misty Green,16,467.3,7476.88
6/1/2021,A5018110207,AQ BZ Compact,Premium Black,7,475.19,3326.33
6/1/2021,A5018110206,AQ BZ Compact,Plus Red,13,475.55,6182.21
6/1/2021,A5018110205,AQ BZ Compact,Plus Blue,24,486.18,11668.23
6/1/2021,A5018110204,AQ BZ Compact,Plus Grey,26,447.73,11641.08
6/1/2021,A5018110203,AQ BZ Compact,Standard Red,15,452.14,6782.13
6/1/2021,A5018110202,AQ BZ Compact,Standard Blue,14,462.56,6475.8
6/1/2021,A5018110201,AQ BZ Compact,Standard Grey,19,451.7,8582.39
6/1/2021,A4918110104,AQ BZ 101,Premium Misty Green,23,460.28,10586.45
6/1/2021,A4918110103,AQ BZ 101,Premium Black,20,428.15,8562.9
6/1/2021,A4918110102,AQ BZ 101,Standard Blue,8,451.49,3611.9
6/1/2021,A4918110101,AQ BZ 101,Standard Grey,25,419.19,10479.84
6/1/2021,A4721110705,AQ GEN Z,Plus Blue,27,377.41,10189.99
6/1/2021,A4721110704,AQ GEN Z,Plus Grey,36,380.22,13687.75
6/1/2021,A4721110703,AQ GEN Z,Standard Red,22,361.65,7956.29
6/1/2021,A4720110702,AQ GEN Z,Standard Blue,20,371.4,7428.05
6/1/2021,A4720110701,AQ GEN Z,Standard Grey,37,367.73,13606.14
6/1/2021,A4620110608,AQ Gen Y,Premium Misty Green,19,363.06,6898.2
6/1/2021,A4620110607,AQ Gen Y,Premium Black,13,347.8,4521.44
6/1/2021,A4620110606,AQ Gen Y,Plus Red,8,348.54,2788.3
6/1/2021,A4620110605,AQ Gen Y,Plus Blue,20,349.25,6985.05
6/1/2021,A4620110604,AQ Gen Y,Plus Grey,25,353.1,8827.46
6/1/2021,A4620110603,AQ Gen Y,Standard Red,24,366.05,8785.1
6/1/2021,A4620110602,AQ Gen Y,Standard Blue,27,346.69,9360.59
6/1/2021,A4620110601,AQ Gen Y,Standard Grey,24,347.25,8333.94
6/1/2021,A4520110508,AQ Gen X,Premium Misty Green,13,327.09,4252.21
6/1/2021,A4520110507,AQ Gen X,Premium Black,7,322.94,2260.6
6/1/2021,A4520110506,AQ Gen X,Plus Red,27,325.26,8781.91
6/1/2021,A4520110505,AQ Gen X,Plus Blue,25,325.22,8130.39
6/1/2021,A4520110504,AQ Gen X,Plus Grey,14,341.73,4784.28
6/1/2021,A4519110503,AQ Gen X,Standard Red,20,306.92,6138.38
6/1/2021,A4519110502,AQ Gen X,Standard Blue,30,300.34,9010.13
6/1/2021,A4519110501,AQ Gen X,Standard Grey,7,311.84,2182.88
6/1/2021,A4419110408,AQ Elite,Premium Misty Green,30,297.03,8910.83
6/1/2021,A4419110407,AQ Elite,Premium Black,27,287.49,7762.32
6/1/2021,A4419110406,AQ Elite,Plus Red,11,287.57,3163.23
6/1/2021,A4419110405,AQ Elite,Plus Blue,32,291.21,9318.63
6/1/2021,A4419110404,AQ Elite,Plus Grey,7,286.9,2008.28
6/1/2021,A4419110403,AQ Elite,Standard Red,14,288.05,4032.7
6/1/2021,A4419110402,AQ Elite,Standard Blue,28,281.95,7894.61
6/1/2021,A4419110401,AQ Elite,Standard Grey,30,271.35,8140.41
6/1/2021,A4319110306,AQ Velocity,Plus Red,40,275.82,11032.78
6/1/2021,A4319110305,AQ Velocity,Plus Blue,9,277.81,2500.27
6/1/2021,A4319110304,AQ Velocity,Plus Grey,12,267.06,3204.76
6/1/2021,A4319110303,AQ Velocity,Standard Red,21,261.23,5485.84
6/1/2021,A4319110302,AQ Velocity,Standard Blue,34,267.21,9085.11
6/1/2021,A4318110301,AQ Velocity,Standard Grey,39,264.7,10323.3
6/1/2021,A4218110208,AQ Digit,Premium Misty Green,39,243.04,9478.61
6/1/2021,A4218110207,AQ Digit,Premium Black,38,249.13,9466.95
6/1/2021,A4218110206,AQ Digit,Plus Red,40,237.02,9480.73
6/1/2021,A4218110205,AQ Digit,Plus Blue,14,240.14,3361.96
6/1/2021,A4218110204,AQ Digit,Plus Grey,12,232.1,2785.25
6/1/2021,A4218110203,AQ Digit,Standard Red,26,236.85,6158.06
6/1/2021,A4218110202,AQ Digit,Standard Blue,27,215.93,5830.22
6/1/2021,A4218110201,AQ Digit,Standard Grey,15,200.27,3004.1
6/1/2021,A4118110107,AQ Aspiron,Premium Black,30,195.77,5873.16
6/1/2021,A4118110106,AQ Aspiron,Plus Red,11,187.75,2065.29
6/1/2021,A4118110105,AQ Aspiron,Plus Blue,30,182.89,5486.8
6/1/2021,A4021150405,AQ Mx NB,Premium,36,31.7,1141.3
6/1/2021,A4021150404,AQ Mx NB,Plus 3,45,28.58,1286.1
6/1/2021,A4021150403,AQ Mx NB,Plus 2,41,29.94,1227.63
6/1/2021,A4020150402,AQ Mx NB,Plus 1 ,10,28.45,284.5
6/1/2021,A4020150401,AQ Mx NB,Standard,78,26.93,2100.56
6/1/2021,A3920150305,AQ LION x3,Premium,74,27.45,2031.64
6/1/2021,A3920150304,AQ LION x3,Plus 3,85,25.04,2128.76
6/1/2021,A3920150303,AQ LION x3,Plus 2,69,25.47,1757.22
6/1/2021,A3920150302,AQ LION x3,Plus 1 ,36,23.15,833.47
6/1/2021,A3920150301,AQ LION x3,Standard,32,22.15,708.65
6/1/2021,A3819150205,AQ LION x2,Premium,21,21.61,453.74
6/1/2021,A3819150204,AQ LION x2,Plus 3,11,21.19,233.14
6/1/2021,A3819150203,AQ LION x2,Plus 2,53,18.45,978.02
6/1/2021,A3818150202,AQ LION x2,Plus 1 ,16,17.52,280.32
6/1/2021,A3818150201,AQ LION x2,Standard,56,17.26,966.83
6/1/2021,A3718150105,AQ LION x1,Premium,27,18.03,486.84
6/1/2021,A3718150103,AQ LION x1,Plus 2,68,17.57,1194.74
6/1/2021,A3718150102,AQ LION x1,Plus 1 ,65,16.1,1046.6
6/1/2021,A3718150101,AQ LION x1,Standard,60,16.51,990.76
6/1/2021,A3521150705,AQ Trigger,Premium 1,188,34.51,6488.14
6/1/2021,A3521150704,AQ Trigger,Plus 2,396,33.62,13315.34
6/1/2021,A3521150703,AQ Trigger,Plus 1,456,31.77,14485.52
6/1/2021,A3521150702,AQ Trigger,Standard 2,671,30.34,20359.08
6/1/2021,A3521150701,AQ Trigger,Standard 1,241,29.39,7082.32
6/1/2021,A3421150606,AQ Qwerty,Premium 2,523,29.67,15517.88
6/1/2021,A3421150605,AQ Qwerty,Premium 1,222,29.87,6630.96
6/1/2021,A3421150604,AQ Qwerty,Plus 2,190,27.42,5208.89
6/1/2021,A3421150603,AQ Qwerty,Plus 1,266,26.95,7168.89
6/1/2021,A3420150602,AQ Qwerty,Standard 2,824,23.97,19753.42
6/1/2021,A3420150601,AQ Qwerty,Standard 1,676,24.57,16608.64
6/1/2021,A3320150506,AQ Maxima,Premium 2,414,23.77,9839.87
6/1/2021,A3320150505,AQ Maxima,Premium 1,496,23.08,11449.86
6/1/2021,A3320150504,AQ Maxima,Plus 2,604,22.13,13369
6/1/2021,A3320150503,AQ Maxima,Plus 1,438,20.87,9142.51
6/1/2021,A3320150502,AQ Maxima,Standard 2,431,21.7,9352.18
6/1/2021,A3320150501,AQ Maxima,Standard 1,632,20.39,12886.99
6/1/2021,A3220150406,AQ Lite,Premium 2,658,20.01,13164.34
6/1/2021,A3220150405,AQ Lite,Premium 1,737,18.94,13959.89
6/1/2021,A3220150404,AQ Lite,Plus 2,442,18.42,8142.48
6/1/2021,A3220150403,AQ Lite,Plus 1,95,18.58,1765.52
6/1/2021,A3220150402,AQ Lite,Standard 2,239,18.79,4491.93
6/1/2021,A3220150401,AQ Lite,Standard 1,477,18.49,8821.78
6/1/2021,A3120150306,AQ Gamers ,Premium 2,736,19.3,14205.02
6/1/2021,A3120150305,AQ Gamers ,Premium 1,840,16.32,13710.31
6/1/2021,A3120150304,AQ Gamers ,Plus 2,593,16.38,9712.87
6/1/2021,A3119150303,AQ Gamers ,Plus 1,642,16.24,10426.53
6/1/2021,A3119150302,AQ Gamers ,Standard 2,815,15.31,12475.29
6/1/2021,A3119150301,AQ Gamers ,Standard 1,817,13.51,11034.48
6/1/2021,A3019150206,AQ Master wireless x1,Premium 2,356,13,4628.64
6/1/2021,A3019150205,AQ Master wireless x1,Premium 1,414,12.05,4989.07
6/1/2021,A3019150204,AQ Master wireless x1,Plus 2,514,11.6,5962.97
6/1/2021,A3018150203,AQ Master wireless x1,Plus 1,850,12.37,10517.82
6/1/2021,A3018150202,AQ Master wireless x1,Standard 2,292,11.05,3227.3
6/1/2021,A3018150201,AQ Master wireless x1,Standard 1,359,10.8,3875.58
6/1/2021,A2918150106,AQ Master wired x1,Premium 2,625,10.42,6511.75
6/1/2021,A2918150105,AQ Master wired x1,Premium 1,410,9.47,3880.65
6/1/2021,A2918150104,AQ Master wired x1,Plus 2,194,8.95,1736.57
6/1/2021,A2918150103,AQ Master wired x1,Plus 1,854,7.77,6634.98
6/1/2021,A2918150102,AQ Master wired x1,Standard 2,440,7.6,3343.08
6/1/2021,A2918150101,AQ Master wired x1,Standard 1,329,6.9,2269.8
6/1/2021,A2821150801,AQ Lumina Ms,Standard 1,582,21.71,12636.27
6/1/2021,A2721150706,AQ Trigger Ms,Premium 2,499,20.05,10006.8
6/1/2021,A2721150705,AQ Trigger Ms,Premium 1,734,19.4,14242.68
6/1/2021,A2721150704,AQ Trigger Ms,Plus 2,942,19.59,18450.01
6/1/2021,A2721150703,AQ Trigger Ms,Plus 1,553,16.94,9365.22
6/1/2021,A2721150702,AQ Trigger Ms,Standard 2,811,17.24,13979.04
6/1/2021,A2720150701,AQ Trigger Ms,Standard 1,391,17.09,6682.85
6/1/2021,A2620150606,AQ Qwerty Ms,Premium 2,626,16.79,10507.41
6/1/2021,A2620150605,AQ Qwerty Ms,Premium 1,256,16.59,4246.58
6/1/2021,A2620150604,AQ Qwerty Ms,Plus 2,971,16.55,16069.18
6/1/2021,A2620150603,AQ Qwerty Ms,Plus 1,996,15.98,15915.28
6/1/2021,A2620150602,AQ Qwerty Ms,Standard 2,480,15.81,7588.9
6/1/2021,A2620150601,AQ Qwerty Ms,Standard 1,320,14.9,4768.42
6/1/2021,A2520150506,AQ Maxima Ms,Premium 2,106,14.57,1544.18
6/1/2021,A2520150505,AQ Maxima Ms,Premium 1,352,15.18,5342.02
6/1/2021,A2520150504,AQ Maxima Ms,Plus 2,740,14.28,10567.2
6/1/2021,A2520150503,AQ Maxima Ms,Plus 1,137,14.17,1941.04
6/1/2021,A2520150502,AQ Maxima Ms,Standard 2,133,14.53,1932.05
6/1/2021,A2520150501,AQ Maxima Ms,Standard 1,202,12.07,2437.92
6/1/2021,A2420150406,AQ Lite Ms,Premium 2,1015,12.3,12482.37
6/1/2021,A2419150405,AQ Lite Ms,Premium 1,909,12.74,11582.75
6/1/2021,A2419150404,AQ Lite Ms,Plus 2,520,11.63,6049.26
6/1/2021,A2419150403,AQ Lite Ms,Plus 1,277,10.89,3017.22
6/1/2021,A2419150402,AQ Lite Ms,Standard 2,753,11.28,8495.27
6/1/2021,A2419150401,AQ Lite Ms,Standard 1,310,11.48,3559.7
6/1/2021,A2319150306,AQ Gamers Ms,Premium 2,256,10.87,2781.67
6/1/2021,A2319150305,AQ Gamers Ms,Premium 1,270,10.44,2817.99
6/1/2021,A2319150304,AQ Gamers Ms,Plus 2,327,10.46,3419.54
6/1/2021,A2319150303,AQ Gamers Ms,Plus 1,237,9.4,2227.25
6/1/2021,A2319150302,AQ Gamers Ms,Standard 2,1011,8.99,9088.99
6/1/2021,A2319150301,AQ Gamers Ms,Standard 1,512,8.8,4507.85
6/1/2021,A2219150206,AQ Master wireless x1 Ms,Premium 2,401,8.32,3336.04
6/1/2021,A2219150205,AQ Master wireless x1 Ms,Premium 1,682,7.98,5443.25
6/1/2021,A2219150204,AQ Master wireless x1 Ms,Plus 2,345,7.35,2536.65
6/1/2021,A2219150203,AQ Master wireless x1 Ms,Plus 1,786,6.73,5289.86
6/1/2021,A2218150202,AQ Master wireless x1 Ms,Standard 2,483,6.41,3093.81
6/1/2021,A2218150201,AQ Master wireless x1 Ms,Standard 1,451,5.44,2452.67
6/1/2021,A2118150106,AQ Master wired x1 Ms,Premium 2,701,5.25,3683.19
6/1/2021,A2118150105,AQ Master wired x1 Ms,Premium 1,647,4.69,3034.69
6/1/2021,A2118150104,AQ Master wired x1 Ms,Plus 2,892,5.05,4500.94
6/1/2021,A2118150103,AQ Master wired x1 Ms,Plus 1,817,4.53,3700.6
6/1/2021,A2118150102,AQ Master wired x1 Ms,Standard 2,778,4,3111.84
6/1/2021,A2118150101,AQ Master wired x1 Ms,Standard 1,830,2.94,2443.02
6/1/2021,A2021150503,AQ MB Lito 2,Plus 2,142,45.44,6452.15
6/1/2021,A2020150502,AQ MB Lito 2,Plus 1,34,39.39,1339.37
6/1/2021,A2020150501,AQ MB Lito 2,Standard,134,41.37,5543.53
6/1/2021,A1920150404,AQ MB Lito,Premium,122,38.98,4755.32
6/1/2021,A1919150403,AQ MB Lito,Plus 2,76,35.84,2723.46
6/1/2021,A1919150402,AQ MB Lito,Plus 1,48,35.03,1681.23
6/1/2021,A1919150401,AQ MB Lito,Standard,61,33.76,2059.41
6/1/2021,A1819150304,AQ MB Crossx 2,Premium,51,32.26,1645.32
6/1/2021,A1819150303,AQ MB Crossx 2,Plus 2,58,32.19,1867.16
6/1/2021,A1819150302,AQ MB Crossx 2,Plus 1,29,31.95,926.62
6/1/2021,A1819150301,AQ MB Crossx 2,Standard,98,28.86,2828.43
6/1/2021,A1718150204,AQ MB Crossx,Premium,20,28.4,567.98
6/1/2021,A1718150203,AQ MB Crossx,Plus 2,58,27.34,1585.98
6/1/2021,A1718150202,AQ MB Crossx,Plus 1,103,22.9,2358.26
6/1/2021,A1718150201,AQ MB Crossx,Standard,67,21.89,1466.49
6/1/2021,A1618150104,AQ MB Elite,Premium,38,21.45,815.06
6/1/2021,A1618150103,AQ MB Elite,Plus 2,116,21.2,2459.4
6/1/2021,A1618150102,AQ MB Elite,Plus 1,124,20.46,2537.4
6/1/2021,A1618150101,AQ MB Elite,Standard,124,19.65,2436.41
6/1/2021,A1521150602,AQ Electron 3 3600 Desktop Processor,Plus,98,185.46,18175.07
6/1/2021,A1521150601,AQ Electron 3 3600 Desktop Processor,Standard,184,186.29,34277.67
6/1/2021,A1421150503,AQ Electron 4 3600 Desktop Processor,Premium,92,176.44,16232.38
6/1/2021,A1420150502,AQ Electron 4 3600 Desktop Processor,Plus,54,169.5,9152.99
6/1/2021,A1420150501,AQ Electron 4 3600 Desktop Processor,Standard,48,160.51,7704.39
6/1/2021,A1320150403,AQ Electron 5 3600 Desktop Processor,Premium,123,160.69,19765.02
6/1/2021,A1320150402,AQ Electron 5 3600 Desktop Processor,Plus,64,150.25,9615.68
6/1/2021,A1319150401,AQ Electron 5 3600 Desktop Processor,Standard,160,149.1,23856.54
6/1/2021,A1219150303,AQ 5000 Series Ultron 8 5900X Desktop Processor,Premium,135,142.94,19296.93
6/1/2021,A1219150302,AQ 5000 Series Ultron 8 5900X Desktop Processor,Plus,127,145.15,18433.72
6/1/2021,A1219150301,AQ 5000 Series Ultron 8 5900X Desktop Processor,Standard,181,135.68,24558.48
6/1/2021,A1119150203,AQ 5000 Series Electron 8 5900X Desktop Processor,Premium,77,139.9,10772.01
6/1/2021,A1118150202,AQ 5000 Series Electron 8 5900X Desktop Processor,Plus,91,129.58,11792.11
6/1/2021,A1118150201,AQ 5000 Series Electron 8 5900X Desktop Processor,Standard,24,124.26,2982.34
6/1/2021,A1018150103,AQ 5000 Series Electron 9 5900X Desktop Processor,Premium,168,123.93,20820.49
6/1/2021,A1018150102,AQ 5000 Series Electron 9 5900X Desktop Processor,Plus,86,123.48,10619.25
6/1/2021,A1018150101,AQ 5000 Series Electron 9 5900X Desktop Processor,Standard,101,111.1,11221.46
6/1/2021,A0921150601,AQ Marquee P4,Standard,132,45.08,5950.73
6/1/2021,A0821150504,AQ Marquee P3,Premium,31,44.7,1385.84
6/1/2021,A0821150503,AQ Marquee P3,Plus 2,154,42.38,6527.15
6/1/2021,A0821150502,AQ Marquee P3,Plus 1,21,43.3,909.23
6/1/2021,A0821150501,AQ Marquee P3,Standard,63,40.5,2551.58
6/1/2021,A0721150404,AQ GT 21,Premium,81,39.12,3168.84
6/1/2021,A0721150403,AQ GT 21,Plus 2,188,39.3,7388.21
6/1/2021,A0721150402,AQ GT 21,Plus 1,60,39.15,2348.79
6/1/2021,A0721150401,AQ GT 21,Standard,119,39.34,4681.19
6/1/2021,A0621150308,AQ Mforce Gen Z,Premium 2,184,39.4,7249.42
6/1/2021,A0621150307,AQ Mforce Gen Z,Premium 1,57,36.24,2065.87
6/1/2021,A0620150306,AQ Mforce Gen Z,Plus 3,182,37.53,6830.06
6/1/2021,A0620150305,AQ Mforce Gen Z,Plus 2,25,36.57,914.2
6/1/2021,A0620150304,AQ Mforce Gen Z,Plus 1,122,37.58,4585.08
6/1/2021,A0620150303,AQ Mforce Gen Z,Standard 3,87,34.24,2978.98
6/1/2021,A0619150302,AQ Mforce Gen Z,Standard 2,149,34.1,5080.5
6/1/2021,A0619150301,AQ Mforce Gen Z,Standard 1,119,30.47,3625.88
6/1/2021,A0519150208,AQ Mforce Gen Y,Premium 2,94,30.58,2874.67
6/1/2021,A0519150207,AQ Mforce Gen Y,Premium 1,126,32.44,4087.78
6/1/2021,A0519150206,AQ Mforce Gen Y,Plus 3,161,31.24,5030.27
6/1/2021,A0519150205,AQ Mforce Gen Y,Plus 2,144,29.7,4276.92
6/1/2021,A0519150204,AQ Mforce Gen Y,Plus 1,78,26.11,2036.43
6/1/2021,A0519150203,AQ Mforce Gen Y,Standard 3,156,26.59,4147.59
6/1/2021,A0519150202,AQ Mforce Gen Y,Standard 2,107,24.93,2667.49
6/1/2021,A0519150201,AQ Mforce Gen Y,Standard 1,58,22.4,1299.11
6/1/2021,A0418150106,AQ Mforce Gen X,Plus 3,114,19.94,2272.76
6/1/2021,A0418150105,AQ Mforce Gen X,Plus 2,84,20.08,1686.43
6/1/2021,A0418150104,AQ Mforce Gen X,Plus 1,76,19.92,1514.22
6/1/2021,A0418150103,AQ Mforce Gen X,Standard 3,108,19.52,2108.54
6/1/2021,A0321150303,AQ Zion Saga,Premium,145,28.01,4060.86
6/1/2021,A0321150302,AQ Zion Saga,Plus,70,27.1,1897.19
6/1/2021,A0320150301,AQ Zion Saga,Standard,91,23.72,2158.73
6/1/2021,A0220150203,AQ WereWolf NAS Internal Hard Drive HDD – 8.89 cm,Premium,31,23.62,732.08
6/1/2021,A0219150202,AQ WereWolf NAS Internal Hard Drive HDD – 8.89 cm,Plus,102,24.73,2522.58
6/1/2021,A0219150201,AQ WereWolf NAS Internal Hard Drive HDD – 8.89 cm,Standard,40,23.7,947.95
6/1/2021,A0118150104,AQ Dracula HDD – 3.5 Inch SATA 6 Gb/s 5400 RPM 256 MB Cache,Premium Plus,126,22.97,2894.59
6/1/2021,A0118150103,AQ Dracula HDD – 3.5 Inch SATA 6 Gb/s 5400 RPM 256 MB Cache,Premium,48,21.78,1045.42
6/1/2021,A0118150102,AQ Dracula HDD – 3.5 Inch SATA 6 Gb/s 5400 RPM 256 MB Cache,Plus,78,21.46,1673.61
6/1/2021,A0118150101,AQ Dracula HDD – 3.5 Inch SATA 6 Gb/s 5400 RPM 256 MB Cache,Standard,205,19.06,3906.75
5/1/2021,A7321160303,AQ Wi Power Dx3,Premium,487,42.85,20867.12
5/1/2021,A7321160302,AQ Wi Power Dx3,Plus,681,43.94,29926.27
5/1/2021,A7321160301,AQ Wi Power Dx3,Standard,304,40.8,12401.8
5/1/2021,A7220160203,AQ Wi Power Dx2,Premium,638,37.48,23911.22
5/1/2021,A7220160202,AQ Wi Power Dx2,Plus,481,35.21,16933.75
5/1/2021,A7219160201,AQ Wi Power Dx2,Standard,199,32.96,6558.54
5/1/2021,A7119160103,AQ Wi Power Dx1,Premium,337,28.77,9696.7
5/1/2021,A7119160102,AQ Wi Power Dx1,Plus,701,29.93,20978.41
5/1/2021,A7118160101,AQ Wi Power Dx1,Standard,269,29.67,7981.55
5/1/2021,A6819160203,AQ Pen Drive DRC,Premium,556,5.1,2834.71
5/1/2021,A6818160202,AQ Pen Drive DRC,Plus,472,3.85,1818.66
5/1/2021,A6818160201,AQ Pen Drive DRC,Standard,563,3,1688.44
5/1/2021,A6720160103,AQ Pen Drive 2 IN 1,Premium,1735,4.44,7705.31
5/1/2021,A6620160501,AQ Clx3,Standard,593,22.85,13551.83
5/1/2021,A6520160403,AQ Clx2,Premium,551,21.28,11726.93
5/1/2021,A6520160402,AQ Clx2,Plus,171,20.17,3448.22
5/1/2021,A6519160401,AQ Clx2,Standard,453,20.29,9190.87
5/1/2021,A6419160303,AQ Clx1,Premium,936,19.33,18096.81
5/1/2021,A6419160302,AQ Clx1,Plus,198,19.67,3895.12
5/1/2021,A6419160301,AQ Clx1,Standard,483,17.8,8599.48
5/1/2021,A6319160203,AQ Neuer SSD,Premium,137,19.34,2650.03
5/1/2021,A6319160202,AQ Neuer SSD,Plus,235,18.57,4364.73
5/1/2021,A6319160201,AQ Neuer SSD,Standard,389,17.36,6752.65
5/1/2021,A6219160103,AQ Digit SSD,Premium,489,16.3,7970.85
5/1/2021,A6218160102,AQ Digit SSD,Plus,1023,15.25,15598.81
5/1/2021,A6218160101,AQ Digit SSD,Standard,599,13.59,8142.87
5/1/2021,A6120110206,AQ HOME Allin1 Gen 2,Plus 3,6,810.6,4863.62
5/1/2021,A6120110205,AQ HOME Allin1 Gen 2,Plus 2,3,834.98,2504.94
5/1/2021,A6119110204,AQ HOME Allin1 Gen 2,Plus 1,2,807.26,1614.53
5/1/2021,A6119110203,AQ HOME Allin1 Gen 2,Standard 3,3,769.56,2308.69
5/1/2021,A6119110202,AQ HOME Allin1 Gen 2,Standard 2,3,790.1,2370.31
5/1/2021,A6119110201,AQ HOME Allin1 Gen 2,Standard 1,4,824.09,3296.36
5/1/2021,A6019110108,AQ Home Allin1,Premium 2,2,796.66,1593.32
5/1/2021,A6019110107,AQ Home Allin1,Premium 1,2,785.99,1571.98
5/1/2021,A6018110106,AQ Home Allin1,Plus 3,2,787.59,1575.17
5/1/2021,A6018110105,AQ Home Allin1,Plus 2,3,766.65,2299.94
5/1/2021,A6018110104,AQ Home Allin1,Plus 1,3,749.1,2247.3
5/1/2021,A6018110103,AQ Home Allin1,Standard 3,2,770.98,1541.96
5/1/2021,A6018110102,AQ Home Allin1,Standard 2,5,764.05,3820.27
5/1/2021,A6018110101,AQ Home Allin1,Standard 1,4,800.46,3201.83
5/1/2021,A5821110108,AQ BZ Allin1,Premium 2,19,746.74,14188.04
5/1/2021,A5820110107,AQ BZ Allin1,Premium 1,17,737.68,12540.52
5/1/2021,A5820110106,AQ BZ Allin1,Plus 3,8,692.52,5540.19
5/1/2021,A5820110105,AQ BZ Allin1,Plus 2,13,709.39,9222.1
5/1/2021,A5820110104,AQ BZ Allin1,Plus 1,22,690.5,15190.94
5/1/2021,A5820110103,AQ BZ Allin1,Standard 3,10,735.15,7351.47
5/1/2021,A5820110102,AQ BZ Allin1,Standard 2,28,697.55,19531.51
5/1/2021,A5820110101,AQ BZ Allin1,Standard 1,22,681.3,14988.65
5/1/2021,A5721110506,AQ Smash 2,Plus Black,10,720.55,7205.46
5/1/2021,A5721110505,AQ Smash 2,Plus Cool Blue,17,674.43,11465.26
5/1/2021,A5721110504,AQ Smash 2,Plus Firey Red,9,655.83,5902.51
5/1/2021,A5721110503,AQ Smash 2,Standard Black,3,678.3,2034.91
5/1/2021,A5721110502,AQ Smash 2,Standard Cool Blue,6,627.99,3767.96
5/1/2021,A5721110501,AQ Smash 2,Standard Firey Red,3,649.69,1949.08
5/1/2021,A5621110408,AQ Smash 1,Premium Misty Green,9,657.25,5915.27
5/1/2021,A5621110407,AQ Smash 1,Premium Black,7,655.78,4590.45
5/1/2021,A5621110406,AQ Smash 1,Plus Black,7,644.38,4510.64
5/1/2021,A5621110405,AQ Smash 1,Plus Cool Blue,12,601.82,7221.81
5/1/2021,A5621110404,AQ Smash 1,Plus Firey Red,4,639.96,2559.85
5/1/2021,A5621110403,AQ Smash 1,Standard Black,14,631.19,8836.6
5/1/2021,A5620110402,AQ Smash 1,Standard Cool Blue,4,593.83,2375.32
5/1/2021,A5620110401,AQ Smash 1,Standard Firey Red,4,642.07,2568.28
5/1/2021,A5520110308,AQ Gamer 3,Premium Misty Green,16,590.12,9441.85
5/1/2021,A5520110307,AQ Gamer 3,Premium Black,11,609.79,6707.72
5/1/2021,A5520110306,AQ Gamer 3,Plus Black,13,639.68,8315.86
5/1/2021,A5520110305,AQ Gamer 3,Plus Cool Blue,13,632.49,8222.35
5/1/2021,A5519110304,AQ Gamer 3,Plus Firey Red,16,597.77,9564.33
5/1/2021,A5519110303,AQ Gamer 3,Standard Black,9,604.27,5438.45
5/1/2021,A5519110302,AQ Gamer 3,Standard Cool Blue,15,605.86,9087.96
5/1/2021,A5519110301,AQ Gamer 3,Standard Firey Red,6,589.74,3538.45
5/1/2021,A5419110208,AQ Gamer 2,Premium Misty Green,9,608.41,5475.66
5/1/2021,A5419110207,AQ Gamer 2,Premium Black,16,599.23,9587.68
5/1/2021,A5419110206,AQ Gamer 2,Plus Black,7,601.64,4211.48
5/1/2021,A5419110205,AQ Gamer 2,Plus Cool Blue,5,570.76,2853.79
5/1/2021,A5419110204,AQ Gamer 2,Plus Firey Red,4,602.92,2411.68
5/1/2021,A5419110203,AQ Gamer 2,Standard Black,11,595.57,6551.28
5/1/2021,A5419110202,AQ Gamer 2,Standard Cool Blue,5,567.93,2839.64
5/1/2021,A5419110201,AQ Gamer 2,Standard Firey Red,16,585,9360
5/1/2021,A5318110108,AQ Gamer 1,Premium Misty Green,3,579.66,1738.98
5/1/2021,A5318110107,AQ Gamer 1,Premium Black,13,571.65,7431.44
5/1/2021,A5318110106,AQ Gamer 1,Plus Black,9,565.87,5092.87
5/1/2021,A5318110105,AQ Gamer 1,Plus Cool Blue,12,551.33,6615.96
5/1/2021,A5318110104,AQ Gamer 1,Plus Firey Red,17,586.38,9968.5
5/1/2021,A5318110103,AQ Gamer 1,Standard Black,6,584.97,3509.83
5/1/2021,A5220110408,AQ BZ Gen Z,Premium Misty Green,8,533.04,4264.32
5/1/2021,A5219110407,AQ BZ Gen Z,Premium Black,8,545.59,4364.74
5/1/2021,A5219110406,AQ BZ Gen Z,Plus Red,11,550.46,6055.06
5/1/2021,A5219110405,AQ BZ Gen Z,Plus Blue,19,521.26,9903.95
5/1/2021,A5219110403,AQ BZ Gen Z,Standard Red,17,525.8,8938.67
5/1/2021,A5219110402,AQ BZ Gen Z,Standard Blue,5,490.16,2450.79
5/1/2021,A5219110401,AQ BZ Gen Z,Standard Grey,17,506.96,8618.39
5/1/2021,A5119110308,AQ BZ Gen Y,Premium Misty Green,10,512.58,5125.81
5/1/2021,A5119110307,AQ BZ Gen Y,Premium Black,20,516.46,10329.16
5/1/2021,A5119110306,AQ BZ Gen Y,Plus Red,21,486.49,10216.2
5/1/2021,A5119110305,AQ BZ Gen Y,Plus Blue,28,483.38,13534.68
5/1/2021,A5119110303,AQ BZ Gen Y,Standard Red,7,474.32,3320.21
5/1/2021,A5119110302,AQ BZ Gen Y,Standard Blue,14,474.31,6640.38
5/1/2021,A5119110301,AQ BZ Gen Y,Standard Grey,22,479.04,10538.97
5/1/2021,A5019110208,AQ BZ Compact,Premium Misty Green,27,467.3,12617.23
5/1/2021,A5018110207,AQ BZ Compact,Premium Black,12,475.19,5702.28
5/1/2021,A5018110206,AQ BZ Compact,Plus Red,9,475.55,4279.99
5/1/2021,A5018110205,AQ BZ Compact,Plus Blue,24,486.18,11668.23
5/1/2021,A5018110204,AQ BZ Compact,Plus Grey,9,447.73,4029.6
5/1/2021,A5018110203,AQ BZ Compact,Standard Red,13,452.14,5877.85
5/1/2021,A5018110202,AQ BZ Compact,Standard Blue,11,462.56,5088.12
5/1/2021,A5018110201,AQ BZ Compact,Standard Grey,19,451.7,8582.39
5/1/2021,A4918110104,AQ BZ 101,Premium Misty Green,26,460.28,11967.29
5/1/2021,A4918110103,AQ BZ 101,Premium Black,15,428.15,6422.18
5/1/2021,A4918110102,AQ BZ 101,Standard Blue,12,451.49,5417.86
5/1/2021,A4918110101,AQ BZ 101,Standard Grey,7,419.19,2934.36
5/1/2021,A4721110705,AQ GEN Z,Plus Blue,29,377.41,10944.8
5/1/2021,A4721110704,AQ GEN Z,Plus Grey,22,380.22,8364.74
5/1/2021,A4721110703,AQ GEN Z,Standard Red,13,361.65,4701.44
5/1/2021,A4720110702,AQ GEN Z,Standard Blue,20,371.4,7428.05
5/1/2021,A4720110701,AQ GEN Z,Standard Grey,12,367.73,4412.8
5/1/2021,A4620110608,AQ Gen Y,Premium Misty Green,31,363.06,11254.95
5/1/2021,A4620110607,AQ Gen Y,Premium Black,32,347.8,11129.7
5/1/2021,A4620110606,AQ Gen Y,Plus Red,15,348.54,5228.06
5/1/2021,A4620110605,AQ Gen Y,Plus Blue,32,349.25,11176.08
5/1/2021,A4620110604,AQ Gen Y,Plus Grey,17,353.1,6002.67
5/1/2021,A4620110603,AQ Gen Y,Standard Red,8,366.05,2928.37
5/1/2021,A4620110602,AQ Gen Y,Standard Blue,30,346.69,10400.66
5/1/2021,A4620110601,AQ Gen Y,Standard Grey,19,347.25,6597.7
5/1/2021,A4520110508,AQ Gen X,Premium Misty Green,27,327.09,8831.51
5/1/2021,A4520110507,AQ Gen X,Premium Black,23,322.94,7427.68
5/1/2021,A4520110506,AQ Gen X,Plus Red,7,325.26,2276.79
5/1/2021,A4520110505,AQ Gen X,Plus Blue,10,325.22,3252.16
5/1/2021,A4520110504,AQ Gen X,Plus Grey,7,341.73,2392.14
5/1/2021,A4519110503,AQ Gen X,Standard Red,19,306.92,5831.46
5/1/2021,A4519110502,AQ Gen X,Standard Blue,32,300.34,9610.81
5/1/2021,A4519110501,AQ Gen X,Standard Grey,13,311.84,4053.91
5/1/2021,A4419110408,AQ Elite,Premium Misty Green,9,297.03,2673.25
5/1/2021,A4419110407,AQ Elite,Premium Black,30,287.49,8624.8
5/1/2021,A4419110406,AQ Elite,Plus Red,27,287.57,7764.3
5/1/2021,A4419110405,AQ Elite,Plus Blue,11,291.21,3203.28
5/1/2021,A4419110404,AQ Elite,Plus Grey,27,286.9,7746.23
5/1/2021,A4419110403,AQ Elite,Standard Red,33,288.05,9505.66
5/1/2021,A4419110402,AQ Elite,Standard Blue,7,281.95,1973.65
5/1/2021,A4419110401,AQ Elite,Standard Grey,32,271.35,8683.11
5/1/2021,A4319110306,AQ Velocity,Plus Red,11,275.82,3034.01
5/1/2021,A4319110305,AQ Velocity,Plus Blue,27,277.81,7500.81
5/1/2021,A4319110304,AQ Velocity,Plus Grey,30,267.06,8011.91
5/1/2021,A4319110303,AQ Velocity,Standard Red,30,261.23,7836.92
5/1/2021,A4319110302,AQ Velocity,Standard Blue,13,267.21,3473.72
5/1/2021,A4318110301,AQ Velocity,Standard Grey,28,264.7,7411.6
5/1/2021,A4218110208,AQ Digit,Premium Misty Green,26,243.04,6319.08
5/1/2021,A4218110207,AQ Digit,Premium Black,24,249.13,5979.13
5/1/2021,A4218110206,AQ Digit,Plus Red,28,237.02,6636.51
5/1/2021,A4218110205,AQ Digit,Plus Blue,16,240.14,3842.24
5/1/2021,A4218110204,AQ Digit,Plus Grey,18,232.1,4177.87
5/1/2021,A4218110203,AQ Digit,Standard Red,35,236.85,8289.7
5/1/2021,A4218110202,AQ Digit,Standard Blue,39,215.93,8421.43
5/1/2021,A4218110201,AQ Digit,Standard Grey,33,200.27,6609.02
5/1/2021,A4118110107,AQ Aspiron,Premium Black,8,195.77,1566.18
5/1/2021,A4118110106,AQ Aspiron,Plus Red,28,187.75,5257.09
5/1/2021,A4118110105,AQ Aspiron,Plus Blue,38,182.89,6949.94
5/1/2021,A4021150405,AQ Mx NB,Premium,68,31.7,2155.8
5/1/2021,A4021150404,AQ Mx NB,Plus 3,9,28.58,257.22
5/1/2021,A4021150403,AQ Mx NB,Plus 2,36,29.94,1077.92
5/1/2021,A4020150402,AQ Mx NB,Plus 1 ,84,28.45,2389.8
5/1/2021,A4020150401,AQ Mx NB,Standard,17,26.93,457.81
5/1/2021,A3920150305,AQ LION x3,Premium,65,27.45,1784.55
5/1/2021,A3920150304,AQ LION x3,Plus 3,21,25.04,525.93
5/1/2021,A3920150303,AQ LION x3,Plus 2,13,25.47,331.07
5/1/2021,A3920150302,AQ LION x3,Plus 1 ,49,23.15,1134.45
5/1/2021,A3920150301,AQ LION x3,Standard,62,22.15,1373.01
5/1/2021,A3819150205,AQ LION x2,Premium,63,21.61,1361.22
5/1/2021,A3819150204,AQ LION x2,Plus 3,30,21.19,635.83
5/1/2021,A3819150203,AQ LION x2,Plus 2,85,18.45,1568.53
5/1/2021,A3818150202,AQ LION x2,Plus 1 ,15,17.52,262.8
5/1/2021,A3818150201,AQ LION x2,Standard,18,17.26,310.77
5/1/2021,A3718150105,AQ LION x1,Premium,44,18.03,793.37
5/1/2021,A3718150103,AQ LION x1,Plus 2,54,17.57,948.76
5/1/2021,A3718150102,AQ LION x1,Plus 1 ,71,16.1,1143.21
5/1/2021,A3718150101,AQ LION x1,Standard,69,16.51,1139.38
5/1/2021,A3521150705,AQ Trigger,Premium 1,220,34.51,7592.51
5/1/2021,A3521150704,AQ Trigger,Plus 2,150,33.62,5043.69
5/1/2021,A3521150703,AQ Trigger,Plus 1,357,31.77,11340.64
5/1/2021,A3521150702,AQ Trigger,Standard 2,211,30.34,6402.04
5/1/2021,A3521150701,AQ Trigger,Standard 1,444,29.39,13047.92
5/1/2021,A3421150606,AQ Qwerty,Premium 2,597,29.67,17713.53
5/1/2021,A3421150605,AQ Qwerty,Premium 1,449,29.87,13411.27
5/1/2021,A3421150604,AQ Qwerty,Plus 2,632,27.42,17326.41
5/1/2021,A3421150603,AQ Qwerty,Plus 1,222,26.95,5983.06
5/1/2021,A3420150602,AQ Qwerty,Standard 2,514,23.97,12321.92
5/1/2021,A3420150601,AQ Qwerty,Standard 1,218,24.57,5356.04
5/1/2021,A3320150506,AQ Maxima,Premium 2,313,23.77,7439.32
5/1/2021,A3320150505,AQ Maxima,Premium 1,482,23.08,11126.68
5/1/2021,A3320150504,AQ Maxima,Plus 2,92,22.13,2036.34
5/1/2021,A3320150503,AQ Maxima,Plus 1,748,20.87,15613.23
5/1/2021,A3320150502,AQ Maxima,Standard 2,686,21.7,14885.38
5/1/2021,A3320150501,AQ Maxima,Standard 1,155,20.39,3160.57
5/1/2021,A3220150406,AQ Lite,Premium 2,153,20.01,3061.01
5/1/2021,A3220150405,AQ Lite,Premium 1,160,18.94,3030.64
5/1/2021,A3220150404,AQ Lite,Plus 2,586,18.42,10795.23
5/1/2021,A3220150403,AQ Lite,Plus 1,204,18.58,3791.22
5/1/2021,A3220150402,AQ Lite,Standard 2,225,18.79,4228.81
5/1/2021,A3220150401,AQ Lite,Standard 1,505,18.49,9339.62
5/1/2021,A3120150306,AQ Gamers ,Premium 2,708,19.3,13664.61
5/1/2021,A3120150305,AQ Gamers ,Premium 1,315,16.32,5141.37
5/1/2021,A3120150304,AQ Gamers ,Plus 2,345,16.38,5650.82
5/1/2021,A3119150303,AQ Gamers ,Plus 1,729,16.24,11839.47
5/1/2021,A3119150302,AQ Gamers ,Standard 2,377,15.31,5770.78
5/1/2021,A3119150301,AQ Gamers ,Standard 1,113,13.51,1526.19
5/1/2021,A3019150206,AQ Master wireless x1,Premium 2,158,13,2054.28
5/1/2021,A3019150205,AQ Master wireless x1,Premium 1,859,12.05,10351.72
5/1/2021,A3019150204,AQ Master wireless x1,Plus 2,806,11.6,9350.49
5/1/2021,A3018150203,AQ Master wireless x1,Plus 1,855,12.37,10579.68
5/1/2021,A3018150202,AQ Master wireless x1,Standard 2,516,11.05,5703.04
5/1/2021,A3018150201,AQ Master wireless x1,Standard 1,773,10.8,8344.92
5/1/2021,A2918150106,AQ Master wired x1,Premium 2,774,10.42,8064.15
5/1/2021,A2918150105,AQ Master wired x1,Premium 1,790,9.47,7477.35
5/1/2021,A2918150104,AQ Master wired x1,Plus 2,428,8.95,3831.2
5/1/2021,A2918150103,AQ Master wired x1,Plus 1,672,7.77,5220.97
5/1/2021,A2918150102,AQ Master wired x1,Standard 2,662,7.6,5029.81
5/1/2021,A2918150101,AQ Master wired x1,Standard 1,864,6.9,5960.82
5/1/2021,A2821150801,AQ Lumina Ms,Standard 1,649,21.71,14090.96
5/1/2021,A2721150706,AQ Trigger Ms,Premium 2,730,20.05,14639.2
5/1/2021,A2721150705,AQ Trigger Ms,Premium 1,599,19.4,11623.12
5/1/2021,A2721150704,AQ Trigger Ms,Plus 2,838,19.59,16413.07
5/1/2021,A2721150703,AQ Trigger Ms,Plus 1,139,16.94,2354.01
5/1/2021,A2721150702,AQ Trigger Ms,Standard 2,632,17.24,10893.66
5/1/2021,A2720150701,AQ Trigger Ms,Standard 1,921,17.09,15741.46
5/1/2021,A2620150606,AQ Qwerty Ms,Premium 2,512,16.79,8593.92
5/1/2021,A2620150605,AQ Qwerty Ms,Premium 1,501,16.59,8310.69
5/1/2021,A2620150604,AQ Qwerty Ms,Plus 2,757,16.55,12527.67
5/1/2021,A2620150603,AQ Qwerty Ms,Plus 1,470,15.98,7510.22
5/1/2021,A2620150602,AQ Qwerty Ms,Standard 2,112,15.81,1770.74
5/1/2021,A2620150601,AQ Qwerty Ms,Standard 1,584,14.9,8702.36
5/1/2021,A2520150506,AQ Maxima Ms,Premium 2,820,14.57,11945.51
5/1/2021,A2520150505,AQ Maxima Ms,Premium 1,412,15.18,6252.59
5/1/2021,A2520150504,AQ Maxima Ms,Plus 2,518,14.28,7397.04
5/1/2021,A2520150503,AQ Maxima Ms,Plus 1,795,14.17,11263.72
5/1/2021,A2520150502,AQ Maxima Ms,Standard 2,349,14.53,5069.82
5/1/2021,A2520150501,AQ Maxima Ms,Standard 1,549,12.07,6625.83
5/1/2021,A2420150406,AQ Lite Ms,Premium 2,156,12.3,1918.47
5/1/2021,A2419150405,AQ Lite Ms,Premium 1,965,12.74,12296.32
5/1/2021,A2419150404,AQ Lite Ms,Plus 2,678,11.63,7887.31
5/1/2021,A2419150403,AQ Lite Ms,Plus 1,647,10.89,7047.45
5/1/2021,A2419150402,AQ Lite Ms,Standard 2,547,11.28,6171.2
5/1/2021,A2419150401,AQ Lite Ms,Standard 1,166,11.48,1906.16
5/1/2021,A2319150306,AQ Gamers Ms,Premium 2,892,10.87,9692.38
5/1/2021,A2319150305,AQ Gamers Ms,Premium 1,154,10.44,1607.3
5/1/2021,A2319150304,AQ Gamers Ms,Plus 2,867,10.46,9066.48
5/1/2021,A2319150303,AQ Gamers Ms,Plus 1,137,9.4,1287.48
5/1/2021,A2319150302,AQ Gamers Ms,Standard 2,564,8.99,5070.42
5/1/2021,A2319150301,AQ Gamers Ms,Standard 1,125,8.8,1100.55
5/1/2021,A2219150206,AQ Master wireless x1 Ms,Premium 2,836,8.32,6954.93
5/1/2021,A2219150205,AQ Master wireless x1 Ms,Premium 1,381,7.98,3040.88
5/1/2021,A2219150204,AQ Master wireless x1 Ms,Plus 2,946,7.35,6955.56
5/1/2021,A2219150203,AQ Master wireless x1 Ms,Plus 1,861,6.73,5794.62
5/1/2021,A2218150202,AQ Master wireless x1 Ms,Standard 2,659,6.41,4221.16
5/1/2021,A2218150201,AQ Master wireless x1 Ms,Standard 1,961,5.44,5226.21
5/1/2021,A2118150106,AQ Master wired x1 Ms,Premium 2,123,5.25,646.27
5/1/2021,A2118150105,AQ Master wired x1 Ms,Premium 1,341,4.69,1599.43
5/1/2021,A2118150104,AQ Master wired x1 Ms,Plus 2,514,5.05,2593.59
5/1/2021,A2118150103,AQ Master wired x1 Ms,Plus 1,146,4.53,661.31
5/1/2021,A2118150102,AQ Master wired x1 Ms,Standard 2,905,4,3619.82
5/1/2021,A2118150101,AQ Master wired x1 Ms,Standard 1,982,2.94,2890.42
5/1/2021,A2021150503,AQ MB Lito 2,Plus 2,73,45.44,3316.95
5/1/2021,A2020150502,AQ MB Lito 2,Plus 1,64,39.39,2521.16
5/1/2021,A2020150501,AQ MB Lito 2,Standard,86,41.37,3557.79
5/1/2021,A1920150404,AQ MB Lito,Premium,71,38.98,2767.44
5/1/2021,A1919150403,AQ MB Lito,Plus 2,132,35.84,4730.22
5/1/2021,A1919150402,AQ MB Lito,Plus 1,37,35.03,1295.95
5/1/2021,A1919150401,AQ MB Lito,Standard,68,33.76,2295.74
5/1/2021,A1819150304,AQ MB Crossx 2,Premium,98,32.26,3161.6
5/1/2021,A1819150303,AQ MB Crossx 2,Plus 2,48,32.19,1545.24
5/1/2021,A1819150302,AQ MB Crossx 2,Plus 1,95,31.95,3035.49
5/1/2021,A1819150301,AQ MB Crossx 2,Standard,107,28.86,3088.18
5/1/2021,A1718150204,AQ MB Crossx,Premium,59,28.4,1675.55
5/1/2021,A1718150203,AQ MB Crossx,Plus 2,39,27.34,1066.44
5/1/2021,A1718150202,AQ MB Crossx,Plus 1,17,22.9,389.23
5/1/2021,A1718150201,AQ MB Crossx,Standard,140,21.89,3064.31
5/1/2021,A1618150104,AQ MB Elite,Premium,52,21.45,1115.34
5/1/2021,A1618150103,AQ MB Elite,Plus 2,97,21.2,2056.56
5/1/2021,A1618150102,AQ MB Elite,Plus 1,57,20.46,1166.39
5/1/2021,A1618150101,AQ MB Elite,Standard,38,19.65,746.64
5/1/2021,A1521150602,AQ Electron 3 3600 Desktop Processor,Plus,32,185.46,5934.72
5/1/2021,A1521150601,AQ Electron 3 3600 Desktop Processor,Standard,42,186.29,7824.25
5/1/2021,A1421150503,AQ Electron 4 3600 Desktop Processor,Premium,128,176.44,22584.18
5/1/2021,A1420150502,AQ Electron 4 3600 Desktop Processor,Plus,91,169.5,15424.49
5/1/2021,A1420150501,AQ Electron 4 3600 Desktop Processor,Standard,177,160.51,28409.95
5/1/2021,A1320150403,AQ Electron 5 3600 Desktop Processor,Premium,22,160.69,3535.21
5/1/2021,A1320150402,AQ Electron 5 3600 Desktop Processor,Plus,53,150.25,7962.99
5/1/2021,A1319150401,AQ Electron 5 3600 Desktop Processor,Standard,197,149.1,29373.37
5/1/2021,A1219150303,AQ 5000 Series Ultron 8 5900X Desktop Processor,Premium,171,142.94,24442.77
5/1/2021,A1219150302,AQ 5000 Series Ultron 8 5900X Desktop Processor,Plus,35,145.15,5080.16
5/1/2021,A1219150301,AQ 5000 Series Ultron 8 5900X Desktop Processor,Standard,129,135.68,17503
5/1/2021,A1119150203,AQ 5000 Series Electron 8 5900X Desktop Processor,Premium,182,139.9,25461.11
5/1/2021,A1118150202,AQ 5000 Series Electron 8 5900X Desktop Processor,Plus,52,129.58,6738.35
5/1/2021,A1118150201,AQ 5000 Series Electron 8 5900X Desktop Processor,Standard,125,124.26,15533
5/1/2021,A1018150103,AQ 5000 Series Electron 9 5900X Desktop Processor,Premium,128,123.93,15863.23
5/1/2021,A1018150102,AQ 5000 Series Electron 9 5900X Desktop Processor,Plus,40,123.48,4939.19
5/1/2021,A1018150101,AQ 5000 Series Electron 9 5900X Desktop Processor,Standard,41,111.1,4555.25
5/1/2021,A0921150601,AQ Marquee P4,Standard,146,45.08,6581.87
5/1/2021,A0821150504,AQ Marquee P3,Premium,154,44.7,6884.48
5/1/2021,A0821150503,AQ Marquee P3,Plus 2,162,42.38,6866.22
5/1/2021,A0821150502,AQ Marquee P3,Plus 1,31,43.3,1342.19
5/1/2021,A0821150501,AQ Marquee P3,Standard,166,40.5,6723.22
5/1/2021,A0721150404,AQ GT 21,Premium,195,39.12,7628.69
5/1/2021,A0721150403,AQ GT 21,Plus 2,103,39.3,4047.8
5/1/2021,A0721150402,AQ GT 21,Plus 1,160,39.15,6263.44
5/1/2021,A0721150401,AQ GT 21,Standard,101,39.34,3973.11
5/1/2021,A0621150308,AQ Mforce Gen Z,Premium 2,78,39.4,3073.12
5/1/2021,A0621150307,AQ Mforce Gen Z,Premium 1,138,36.24,5001.59
5/1/2021,A0620150306,AQ Mforce Gen Z,Plus 3,84,37.53,3152.34
5/1/2021,A0620150305,AQ Mforce Gen Z,Plus 2,189,36.57,6911.33
5/1/2021,A0620150304,AQ Mforce Gen Z,Plus 1,64,37.58,2405.29
5/1/2021,A0620150303,AQ Mforce Gen Z,Standard 3,75,34.24,2568.09
5/1/2021,A0619150302,AQ Mforce Gen Z,Standard 2,86,34.1,2932.37
5/1/2021,A0619150301,AQ Mforce Gen Z,Standard 1,116,30.47,3534.47
5/1/2021,A0519150208,AQ Mforce Gen Y,Premium 2,182,30.58,5565.85
5/1/2021,A0519150207,AQ Mforce Gen Y,Premium 1,43,32.44,1395.04
5/1/2021,A0519150206,AQ Mforce Gen Y,Plus 3,104,31.24,3249.37
5/1/2021,A0519150205,AQ Mforce Gen Y,Plus 2,138,29.7,4098.71
5/1/2021,A0519150204,AQ Mforce Gen Y,Plus 1,178,26.11,4647.24
5/1/2021,A0519150203,AQ Mforce Gen Y,Standard 3,122,26.59,3243.63
5/1/2021,A0519150202,AQ Mforce Gen Y,Standard 2,91,24.93,2268.61
5/1/2021,A0519150201,AQ Mforce Gen Y,Standard 1,134,22.4,3001.39
5/1/2021,A0418150106,AQ Mforce Gen X,Plus 3,76,19.94,1515.17
5/1/2021,A0418150105,AQ Mforce Gen X,Plus 2,190,20.08,3814.55
5/1/2021,A0418150104,AQ Mforce Gen X,Plus 1,48,19.92,956.35
5/1/2021,A0418150103,AQ Mforce Gen X,Standard 3,58,19.52,1132.36
5/1/2021,A0321150303,AQ Zion Saga,Premium,84,28.01,2352.5
5/1/2021,A0321150302,AQ Zion Saga,Plus,186,27.1,5041.1
5/1/2021,A0320150301,AQ Zion Saga,Standard,223,23.72,5290.07
5/1/2021,A0220150203,AQ WereWolf NAS Internal Hard Drive HDD – 8.89 cm,Premium,225,23.62,5313.47
5/1/2021,A0219150202,AQ WereWolf NAS Internal Hard Drive HDD – 8.89 cm,Plus,246,24.73,6083.88
5/1/2021,A0219150201,AQ WereWolf NAS Internal Hard Drive HDD – 8.89 cm,Standard,197,23.7,4668.64
5/1/2021,A0118150104,AQ Dracula HDD – 3.5 Inch SATA 6 Gb/s 5400 RPM 256 MB Cache,Premium Plus,93,22.97,2136.48
5/1/2021,A0118150103,AQ Dracula HDD – 3.5 Inch SATA 6 Gb/s 5400 RPM 256 MB Cache,Premium,173,21.78,3767.85
